--
-- Generated by mysql-backup4j
-- https://github.com/SeunMatt/mysql-backup4j
-- Date: 5-11-2020 18:38:4
--

/*!40101 SET @OLD_CHARACTER_SET_CLIENT=@@CHARACTER_SET_CLIENT */;
/*!40101 SET NAMES utf8 */;
/*!50503 SET NAMES utf8mb4 */;
/*!40014 SET @OLD_FOREIGN_KEY_CHECKS=@@FOREIGN_KEY_CHECKS, FOREIGN_KEY_CHECKS=0 */;
/*!40101 SET @OLD_SQL_MODE=@@SQL_MODE, SQL_MODE='NO_AUTO_VALUE_ON_ZERO' */;

--
-- start  table dump : confrontations
--

CREATE TABLE IF NOT EXISTS `confrontations` (
  `match` varchar(50) CHARACTER SET utf8 NOT NULL,
  `Recent1` varchar(50) CHARACTER SET utf8 DEFAULT NULL,
  `Recent2` varchar(50) CHARACTER SET utf8 DEFAULT NULL,
  `Recent3` varchar(50) CHARACTER SET utf8 DEFAULT NULL,
  `Recent4` varchar(50) CHARACTER SET utf8 DEFAULT NULL,
  `Recent5` varchar(50) CHARACTER SET utf8 DEFAULT NULL,
  PRIMARY KEY (`match`) USING BTREE
) ENGINE=InnoDB DEFAULT CHARSET=latin1;



--
-- end  table dump : confrontations
--


--
-- Inserts of confrontations
--


/*!40000 ALTER TABLE `confrontations` DISABLE KEYS */;

--
-- start table insert : confrontations
--
INSERT INTO `confrontations`(`match`, `Recent1`, `Recent2`, `Recent3`, `Recent4`, `Recent5`) VALUES 
('ASM-FCN', '2-1', '1-0', '1-0', '3-1', '2-1'),
('ASM-MHSC', '1-0', '1-3', '2-2', '1-2', '0-0'),
('ASM-RCS', '3-2', '1-3', '2-2', '1-5', '1-2'),
('ASM-SDR', '2-2', '1-1', '0-0', '0-0', '0-1'),
('ASSE-FCL', '2-0', '4-0', '1-2', '2-0', '1-0'),
('ASSE-OGCN', '4-1', '3-0', '1-1', '0-1', '1-0'),
('ASSE-RCS', '2-0', '1-2', '2-1', '1-1', '1-0'),
('ASSE-SRFC', '0-3', '1-2', '0-3', '1-1', '1-1'),
('DFCO-MHSC', '2-2', '1-2', '2-2', '1-1', '2-1'),
('DFCO-SB29', '0-2', '3-0', '0-2', '0-0', '3-1'),
('DFCO-SCO', '0-1', '0-2', '0-1', '1-3', '2-1'),
('DFCO-SRFC', '2-1', '3-2', '0-2', '2-1', '2-2'),
('FCGB-DFCO', '3-0', '2-2', '2-0', '1-0', '0-0'),
('FCGB-FCN', '0-0', '1-0', '2-0', '0-1', '3-0'),
('FCGB-OGCN', '0-0', '1-1', '1-1', '0-1', '0-1'),
('FCL-OL', '1-1', '4-1', '1-0', '1-3', '0-0'),
('FCL-RCL', '2-3', '0-1', '1-0', '2-2', '1-1'),
('FCL-RCS', '3-1', '1-0', '', '', ''),
('FCL-SB29', '2-3', '1-1', '2-3', '0-3', '4-2'),
('FCM-ASM', '0-1', '3-0', '1-3', '0-1', '0-5'),
('FCM-FCL', '3-1', '2-1', '0-0', '1-5', '3-3'),
('FCM-SDR', '2-1', '1-0', '1-1', '0-0', '3-0'),
('FCN-ASSE', '2-2', '2-0', '2-3', '1-1', '0-3'),
('FCN-NO', '2-1', '1-0', '2-4', '0-1', '1-2'),
('FCN-SB29', '1-1', '0-1', null, null, null),
('LOSC-FCM', '1-0', '0-0', '3-1', '3-0', '0-2'),
('LOSC-FCN', '2-0', '1-0', '2-1', '3-2', '2-1'),
('LOSC-RCL', '3-1', '1-1', '1-0', '4-1', '1-0'),
('LOSC-SRFC', '1-1', '1-0', '1-1', '1-3', '3-1'),
('MHSC-NO', '0-1', '1-0', '1-1', '3-0', '1-2'),
('MHSC-OGCN', '3-1', '2-1', '0-1', '1-0', '0-1'),
('MHSC-OL', '2-1', '1-0', '2-3', '1-1', '1-1'),
('MHSC-SCO', '4-1', '0-1', '0-0', '2-2', '0-1'),
('NO-OL', '0-0', '0-4', '2-3', '0-2', null),
('NO-PSG', '0-3', '0-3', '2-4', null, null),
('NO-RCL', '1-1', '0-1', '2-1', '3-1', '0-2'),
('NO-SB29', '4-0', '3-0', '2-0', '4-0', '3-2'),
('NO-SRFC', '2-4', '1-2', '0-1', '3-1', '0-4'),
('OGCN-FCN', '2-1', '0-1', '1-1', '2-1', '1-1'),
('OGCN-PSG', '0-3', '1-4', '1-1', '0-3', '1-2'),
('OGCN-RCL', '2-1', '2-1', '0-2', '0-0', '0-1'),
('OL-DFCO', '4-1', '0-0', '1-3', '3-0', '5-2'),
('OL-FCGB', '0-0', '2-1', '1-1', '3-2', '1-1'),
('OL-OM', '1-1', '1-2', '3-0', '4-2', '3-2'),
('OM-ASSE', '0-2', '2-0', '1-0', '2-0', '1-2'),
('OM-FCGB', '0-0', '3-1', '0-2', '1-0', '1-0'),
('OM-FCM', '1-1', '1-1', '6-3', '3-0', '0-1'),
('OM-LOSC', '1-1', '2-1', '2-1', '1-2', '0-3'),
('PSG-FCM', '1-0', '2-0', '5-0', '5-1', '3-2'),
('PSG-OM', '0-1', '4-0', '3-1', '2-0', '3-0'),
('PSG-SCO', '6-1', '4-0', '2-1', '3-1', '2-1'),
('RCL-ASSE', '2-0', '3-3', '0-1', '2-1', '1-3'),
('RCL-FCGB', '2-1', '1-2', '1-2', '1-0', '2-2'),
('RCL-PSG', '1-0', '1-4', '1-3', '0-0', '0-2'),
('RCS-DFCO', '1-0', '0-1', '1-2', '3-0', '3-2'),
('RCS-LOSC', '0-3', '1-2', '0-2', '1-1', '0-0'),
('RCS-OGCN', '0-2', '1-0', '0-1', '2-0', '1-1'),
('RCS-OL', '1-1', '1-2', '2-2', '0-2', '3-2'),
('SB29-ASM', '1-0', '1-4', '2-0', '1-0', null),
('SB29-OM', '2-3', '1-2', '0-1', '1-2', '1-0'),
('SCO-FCGB', '0-2', '3-1', '1-0', '1-2', '0-0'),
('SCO-FCM', '3-0', '2-1', '0-1', '2-1', '0-2'),
('SCO-SB29', '3-2', '1-0', '0-1', '0-0', '0-1'),
('SCO-SDR', '1-0', '1-4', '0-0', '1-1', '1-1'),
('SDR-FCL', '0-1', '1-2', '0-2', '4-1', '1-3'),
('SDR-LOSC', '0-1', '2-0', '1-1', '1-1', '0-2'),
('SDR-PSG', '0-2', '2-0', '3-1', '1-4', '1-4'),
('SRFC-ASM', '2-1', '2-3', '2-2', '2-1', '1-1'),
('SRFC-MHSC', '2-1', '5-0', '1-0', '0-0', '2-2'),
('SRFC-SDR', '2-2', '0-1', '0-1', '0-2', '0-2');
--
-- end table insert : confrontations
--

/*!40000 ALTER TABLE `confrontations` ENABLE KEYS */;


--
-- start  table dump : matches
--

CREATE TABLE IF NOT EXISTS `matches` (
  `id` varchar(50) NOT NULL DEFAULT '0',
  `SurnomE1` varchar(50) CHARACTER SET utf8 DEFAULT NULL,
  `SurnomE2` varchar(50) CHARACTER SET utf8 DEFAULT NULL,
  `VictoireEquipeDomicile` tinyint(1) DEFAULT '0',
  `nul` tinyint(1) DEFAULT '0',
  `VictoireEquipeExterieur` tinyint(1) DEFAULT '0',
  `ImportantEquipeDomicile` tinyint(1) DEFAULT '0',
  `ImportantEquipeExterieur` tinyint(1) DEFAULT '0',
  `EquipeDomicileMieuxClassee` tinyint(1) DEFAULT '0',
  `ResetAllSeason` tinyint(1) DEFAULT '0',
  `Comptabilise` tinyint(1) DEFAULT '0',
  `Score` varchar(50) CHARACTER SET utf8 DEFAULT NULL,
  `RapportStatistiques` tinyint(1) DEFAULT '0',
  `Journey` int(11) DEFAULT NULL,
  PRIMARY KEY (`id`)
) ENGINE=InnoDB DEFAULT CHARSET=latin1;



--
-- end  table dump : matches
--


--
-- Inserts of matches
--


/*!40000 ALTER TABLE `matches` DISABLE KEYS */;

--
-- start table insert : matches
--
INSERT INTO `matches`(`id`, `SurnomE1`, `SurnomE2`, `VictoireEquipeDomicile`, `nul`, `VictoireEquipeExterieur`, `ImportantEquipeDomicile`, `ImportantEquipeExterieur`, `EquipeDomicileMieuxClassee`, `ResetAllSeason`, `Comptabilise`, `Score`, `RapportStatistiques`, `Journey`) VALUES 
('ASM-FCN', 'ASM', 'FCN', 1, 0, 0, 1, 1, 0, 0, 1, '2-1', 0, 4),
('ASM-MHSC', 'ASM', 'MHSC', 0, 0, 0, 0, 1, 0, 0, 0, null, 0, null),
('ASM-RCS', 'ASM', 'RCS', 1, 0, 0, 0, 1, 1, 0, 1, '3-2', 0, null),
('ASM-SDR', 'ASM', 'SDR', 0, 1, 0, 0, 1, 1, 0, 1, '2-2', null, null),
('ASSE-FCL', 'ASSE', 'FCL', 1, 0, 0, 0, 1, 0, 0, 1, '2-0', 0, null),
('ASSE-OGCN', 'ASSE', 'OGCN', 0, 0, 0, 0, 1, 1, 0, 0, null, 0, null),
('ASSE-RCS', 'ASSE', 'RCS', 1, 0, 0, 0, 1, 1, 0, 1, '2-0', 0, null),
('ASSE-SRFC', 'ASSE', 'SRFC', 0, 0, 1, 0, 1, 0, 0, 1, '0-3', 0, null),
('DFCO-MHSC', 'DFCO', 'MHSC', 0, 1, 0, 0, 0, 0, 0, 1, '2-2', 0, null),
('DFCO-SB29', 'DFCO', 'SB29', 0, 0, 1, 0, 0, 1, 0, 1, '0-2', 0, null),
('DFCO-SCO', 'DFCO', 'SCO', 0, 0, 1, 0, 0, 0, 0, 1, '0-1', null, null),
('DFCO-SRFC', 'DFCO', 'SRFC', 0, 0, 0, 0, 0, 0, 0, 0, null, 0, null),
('FCGB-DFCO', 'FCGB', 'DFCO', 1, 0, 0, 0, 0, 1, 0, 1, '3-0', 0, null),
('FCGB-FCN', 'FCGB', 'FCN', 0, 1, 0, 0, 0, 1, 0, 1, '0-0', null, null),
('FCGB-OGCN', 'FCGB', 'OGCN', 0, 1, 0, 1, 1, 0, 0, 1, '0-0', 0, null),
('FCGB-OL', 'FCGB', 'OL', 0, 1, 0, 1, 1, 1, 0, 1, '0-0', 0, null),
('FCL-OL', 'FCL', 'OL', 0, 1, 0, 1, 0, 0, 0, 1, '1-1', 0, null),
('FCL-RCL', 'FCL', 'RCL', 0, 0, 1, 0, 0, 1, 0, 1, '2-3', 0, null),
('FCL-RCS', 'FCL', 'RCS', 1, 0, 0, 0, 0, 0, 1, 1, '3-1', null, null),
('FCM-ASM', 'FCM', 'ASM', 0, 0, 1, 1, 0, 0, 0, 1, '0-1', 0, null),
('FCM-FCL', 'FCM', 'FCL', 1, 0, 0, 0, 0, 0, 0, 1, '3-1', 0, null),
('FCM-SDR', 'FCM', 'SDR', 1, 0, 0, 0, 0, 0, 0, 1, '2-1', 0, null),
('FCN-ASSE', 'FCN', 'ASSE', 0, 1, 0, 1, 0, 0, 0, 1, '2-2', 0, null),
('FCN-NO', 'FCN', 'NO', 1, 0, 0, 0, 0, 0, 0, 1, '2-1', 0, null),
('FCN-SB29', 'FCN', 'SB29', 0, 0, 0, 0, 0, 0, 0, 0, null, 0, null),
('LOSC-FCM', 'LOSC', 'FCM', 1, 0, 0, 0, 1, 1, 0, 1, '1-0', 0, null),
('LOSC-FCN', 'LOSC', 'FCN', 1, 0, 0, 0, 1, 1, 0, 1, '2-0', 0, null),
('LOSC-RCL', 'LOSC', 'RCL', 0, 0, 0, 1, 1, 1, 0, 0, null, 0, null),
('LOSC-SRFC', 'LOSC', 'SRFC', 0, 1, 0, 0, 1, 0, 0, 1, '1-1', null, null),
('MHSC-NO', 'MHSC', 'NO', 0, 0, 1, 1, 1, 1, 0, 1, '0-1', 0, null),
('MHSC-OGCN', 'MHSC', 'OGCN', 1, 0, 0, 0, 0, 0, 0, 1, '3-1', 0, null),
('MHSC-OL', 'MHSC', 'OL', 1, 0, 0, 1, 0, 0, 0, 1, '2-1', 0, null),
('MHSC-SCO', 'MHSC', 'SCO', 1, 0, 0, 0, 0, 1, 0, 1, '4-1', 0, null),
('NO-PSG', 'NO', 'PSG', 0, 0, 0, 1, 0, 0, 0, 0, null, 0, null),
('NO-RCL', 'NO', 'RCL', 0, 1, 0, 0, 0, 0, 0, 1, '1-1', 0, null),
('NO-SB29', 'NO', 'SB29', 1, 0, 0, 0, 0, 0, 1, 1, '4-0', null, null),
('NO-SRFC', 'NO', 'SRFC', 0, 0, 1, 0, 0, 0, 0, 1, '2-4', 0, null),
('OGCN-FCN', 'OGCN', 'FCN', 1, 0, 0, 0, 0, 1, 0, 1, '2-1', 0, null),
('OGCN-PSG', 'OGCN', 'PSG', 0, 0, 1, 1, 0, 1, 0, 1, '0-3', 0, null),
('OGCN-RCL', 'OGCN', 'RCL', 1, 0, 0, 0, 0, 1, 0, 1, '2-1', null, null),
('OL-DFCO', 'OL', 'DFCO', 1, 0, 0, 0, 1, 0, 0, 1, '4-1', 0, null),
('OL-NO', 'OL', 'NO', 0, 1, 0, 0, 1, 1, 0, 1, '0-0', 0, null),
('OL-OM', 'OL', 'OM', 0, 1, 0, 1, 1, 0, 0, 1, '1-1', 0, null),
('OM-ASSE', 'OM', 'ASSE', 0, 0, 1, 1, 1, 1, 0, 1, '0-2', 0, null),
('OM-FCGB', 'OM', 'FCGB', 0, 0, 0, 1, 1, 0, 0, 0, null, 0, null),
('OM-FCM', 'OM', 'FCM', 0, 1, 0, 0, 1, 1, 0, 1, '1-1', 0, null),
('OM-LOSC', 'OM', 'LOSC', 0, 1, 0, 1, 1, 0, 0, 1, '1-1', 0, null),
('PSG-FCM', 'PSG', 'FCM', 1, 0, 0, 0, 1, 1, 0, 1, '1-0', 0, null),
('PSG-OM', 'PSG', 'OM', 0, 0, 1, 1, 1, 0, 0, 1, '0-1', 0, null),
('PSG-SCO', 'PSG', 'SCO', 1, 0, 0, 0, 1, 1, 0, 1, '6-1', 0, null),
('RCL-ASSE', 'RCL', 'ASSE', 1, 0, 0, 1, 0, 1, 0, 1, '2-0', 0, null),
('RCL-FCGB', 'RCL', 'FCGB', 1, 0, 0, 0, 0, 1, 0, 1, '2-1', 0, null),
('RCL-PSG', 'RCL', 'PSG', 1, 0, 0, 1, 0, 0, 0, 1, '1-0', 0, null),
('RCS-DFCO', 'RCS', 'DFCO', 1, 0, 0, 0, 0, 0, 0, 1, '1-0', 0, null),
('RCS-LOSC', 'RCS', 'LOSC', 0, 0, 1, 1, 0, 0, 0, 1, '0-3', 0, null),
('RCS-OGCN', 'RCS', 'OGCN', 0, 0, 1, 0, 0, 0, 0, 1, '0-2', 0, null),
('RCS-OL', 'RCS', 'OL', 0, 0, 0, 1, 0, 0, 0, 0, null, 0, null),
('SB29-ASM', 'SB29', 'ASM', 1, 0, 0, 1, 0, 0, 0, 1, '1-0', 0, null),
('SB29-FCL', 'SB29', 'FCL', 1, 0, 0, 1, 1, 0, 0, 1, '3-2', 0, null),
('SB29-OM', 'SB29', 'OM', 0, 0, 1, 1, 0, 0, 0, 1, '2-3', 0, null),
('SCO-FCGB', 'SCO', 'FCGB', 0, 0, 1, 0, 0, 1, 0, 1, '0-2', 0, null),
('SCO-FCM', 'SCO', 'FCM', 0, 0, 0, 0, 0, 1, 0, 0, null, 0, null),
('SCO-SB29', 'SCO', 'SB29', 1, 0, 0, 0, 0, 1, 0, 1, '3-2', 0, null),
('SCO-SDR', 'SCO', 'SDR', 1, 0, 0, 0, 0, 1, 0, 1, '1-0', 0, null),
('SDR-FCL', 'SDR', 'FCL', 0, 0, 0, 0, 0, 0, 0, 0, null, 0, null),
('SDR-LOSC', 'SDR', 'LOSC', 0, 0, 1, 1, 0, 1, 0, 1, '0-1', 0, null),
('SDR-PSG', 'SDR', 'PSG', 0, 0, 1, 1, 0, 0, 0, 1, '0-2', 0, null),
('SRFC-ASM', 'SRFC', 'ASM', 1, 0, 0, 1, 0, 0, 0, 1, '2-1', 0, null),
('SRFC-MHSC', 'SRFC', 'MHSC', 1, 0, 0, 0, 0, 1, 0, 1, '2-1', 0, null),
('SRFC-SDR', 'SRFC', 'SDR', 0, 1, 0, 0, 0, 1, 0, 1, '2-2', 0, null);
--
-- end table insert : matches
--

/*!40000 ALTER TABLE `matches` ENABLE KEYS */;


--
-- start  table dump : statistics
--

CREATE TABLE IF NOT EXISTS `statistics` (
  `match` varchar(50) CHARACTER SET utf8 NOT NULL,
  `VEquipeDom` float DEFAULT NULL,
  `VEquipeExt` float DEFAULT NULL,
  `Nul` float DEFAULT NULL,
  `MoyButsMatch` float DEFAULT NULL,
  `MoyButsEquipeDom` float DEFAULT NULL,
  `MoyButsEquipeExt` float DEFAULT NULL,
  `Plus05` float DEFAULT NULL,
  `Plus15` float DEFAULT NULL,
  `Plus25` float DEFAULT NULL,
  `Plus35` float DEFAULT NULL,
  `Plus45` float DEFAULT NULL,
  `Moins05` float DEFAULT NULL,
  `Moins15` float DEFAULT NULL,
  `Moins25` float DEFAULT NULL,
  `Moins35` float DEFAULT NULL,
  `Moins45` float DEFAULT NULL,
  `LDEM` float DEFAULT NULL,
  `E1Plus05` float DEFAULT NULL,
  `E1Plus15` float DEFAULT NULL,
  `E1Plus25` float DEFAULT NULL,
  `E1Plus35` float DEFAULT NULL,
  `E1Plus45` float DEFAULT NULL,
  `E1Moins05` float DEFAULT NULL,
  `E1Moins15` float DEFAULT NULL,
  `E1Moins25` float DEFAULT NULL,
  `E1Moins35` float DEFAULT NULL,
  `E1Moins45` float DEFAULT NULL,
  `E2Plus05` float DEFAULT NULL,
  `E2Plus15` float DEFAULT NULL,
  `E2Plus25` float DEFAULT NULL,
  `E2Plus35` float DEFAULT NULL,
  `E2Plus45` float DEFAULT NULL,
  `E2Moins05` float DEFAULT NULL,
  `E2Moins15` float DEFAULT NULL,
  `E2Moins25` float DEFAULT NULL,
  `E2Moins35` float DEFAULT NULL,
  `E2Moins45` float DEFAULT NULL,
  `EcartButMoins1` float DEFAULT NULL,
  `EcartButMoins2` float DEFAULT NULL,
  `EcartButMoins3` float DEFAULT NULL,
  `EcartButMoins4` float DEFAULT NULL,
  `EcartButMoins5` float DEFAULT NULL,
  `EcartButMoins6` float DEFAULT NULL,
  `EcartButMoins7` float DEFAULT NULL,
  `EcartButMoins8` float DEFAULT NULL,
  `EcartButMoins9` float DEFAULT NULL,
  `EcartButPlus1` float DEFAULT NULL,
  `EcartButPlus2` float DEFAULT NULL,
  `EcartButPlus3` float DEFAULT NULL,
  `EcartButPlus4` float DEFAULT NULL,
  `EcartButPlus5` float DEFAULT NULL,
  `EcartButPlus6` float DEFAULT NULL,
  `EcartButPlus7` float DEFAULT NULL,
  `EcartButPlus8` float DEFAULT NULL,
  `EcartButPlus9` float DEFAULT NULL,
  `E1Exactement0ButMarque` float DEFAULT NULL,
  `E1Exactement1ButMarque` float DEFAULT NULL,
  `E1Exactement2ButsMarques` float DEFAULT NULL,
  `E1Exactement3ButsMarques` float DEFAULT NULL,
  `E1Exactement4ButsMarques` float DEFAULT NULL,
  `E1Exactement5ButsMarques` float DEFAULT NULL,
  `E2Exactement0ButMarque` float DEFAULT NULL,
  `E2Exactement1ButMarque` float DEFAULT NULL,
  `E2Exactement2ButsMarques` float DEFAULT NULL,
  `E2Exactement3ButsMarques` float DEFAULT NULL,
  `E2Exactement4ButsMarques` float DEFAULT NULL,
  `E2Exactement5ButsMarques` float DEFAULT NULL,
  `E1Exactement0ButEncaisse` float DEFAULT NULL,
  `E1Exactement1ButEncaisse` float DEFAULT NULL,
  `E1Exactement2ButsEncaisses` float DEFAULT NULL,
  `E1Exactement3ButsEncaisses` float DEFAULT NULL,
  `E1Exactement4ButsEncaisses` float DEFAULT NULL,
  `E1Exactement5ButsEncaisses` float DEFAULT NULL,
  `E2Exactement0ButEncaisse` float DEFAULT NULL,
  `E2Exactement1ButEncaisse` float DEFAULT NULL,
  `E2Exactement2ButsEncaisses` float DEFAULT NULL,
  `E2Exactement3ButsEncaisses` float DEFAULT NULL,
  `E2Exactement4ButsEncaisses` float DEFAULT NULL,
  `E2Exactement5ButsEncaisses` float DEFAULT NULL,
  PRIMARY KEY (`match`) USING BTREE
) ENGINE=InnoDB DEFAULT CHARSET=latin1;



--
-- end  table dump : statistics
--


--
-- Inserts of statistics
--


/*!40000 ALTER TABLE `statistics` DISABLE KEYS */;

--
-- start table insert : statistics
--
INSERT INTO `statistics`(`match`, `VEquipeDom`, `VEquipeExt`, `Nul`, `MoyButsMatch`, `MoyButsEquipeDom`, `MoyButsEquipeExt`, `Plus05`, `Plus15`, `Plus25`, `Plus35`, `Plus45`, `Moins05`, `Moins15`, `Moins25`, `Moins35`, `Moins45`, `LDEM`, `E1Plus05`, `E1Plus15`, `E1Plus25`, `E1Plus35`, `E1Plus45`, `E1Moins05`, `E1Moins15`, `E1Moins25`, `E1Moins35`, `E1Moins45`, `E2Plus05`, `E2Plus15`, `E2Plus25`, `E2Plus35`, `E2Plus45`, `E2Moins05`, `E2Moins15`, `E2Moins25`, `E2Moins35`, `E2Moins45`, `EcartButMoins1`, `EcartButMoins2`, `EcartButMoins3`, `EcartButMoins4`, `EcartButMoins5`, `EcartButMoins6`, `EcartButMoins7`, `EcartButMoins8`, `EcartButMoins9`, `EcartButPlus1`, `EcartButPlus2`, `EcartButPlus3`, `EcartButPlus4`, `EcartButPlus5`, `EcartButPlus6`, `EcartButPlus7`, `EcartButPlus8`, `EcartButPlus9`, `E1Exactement0ButMarque`, `E1Exactement1ButMarque`, `E1Exactement2ButsMarques`, `E1Exactement3ButsMarques`, `E1Exactement4ButsMarques`, `E1Exactement5ButsMarques`, `E2Exactement0ButMarque`, `E2Exactement1ButMarque`, `E2Exactement2ButsMarques`, `E2Exactement3ButsMarques`, `E2Exactement4ButsMarques`, `E2Exactement5ButsMarques`, `E1Exactement0ButEncaisse`, `E1Exactement1ButEncaisse`, `E1Exactement2ButsEncaisses`, `E1Exactement3ButsEncaisses`, `E1Exactement4ButsEncaisses`, `E1Exactement5ButsEncaisses`, `E2Exactement0ButEncaisse`, `E2Exactement1ButEncaisse`, `E2Exactement2ButsEncaisses`, `E2Exactement3ButsEncaisses`, `E2Exactement4ButsEncaisses`, `E2Exactement5ButsEncaisses`) VALUES 
('ASM-FCN', '100', '0', '0', '2', '1', '0', '100', '0', '0', '0', '0', '0', '0', '0', '0', '100', '0', '100', '0', '0', '0', '0', '0', '0', '0', '100', '100', '0', '0', '0', '0', '0', '0', '100', '100', '100', '100', '0', '0', '0', '0', '0', '0', '0', '0', '0', '0', '0', '0', '0', '0', '0', '0', '0', '0', '0', '0', '0', '0', '0', '0', '0', '0', '0', '0', '0', '0', '0', '0', '0', '0', '0', '0', '0', '0', '0', '0', '0', '0'),
('ASM-MHSC', '0', '0', '0', '2', '1', '1', '0', '0', '0', '0', '0', '0', '0', '0', '0', '100', '0', '0', '0', '0', '0', '0', '0', '0', '100', '100', '100', '0', '0', '0', '0', '0', '0', '0', '0', '100', '100', '0', '0', '0', '0', '0', '0', '0', '0', '0', '0', '0', '0', '0', '0', '0', '0', '0', '0', '0', '0', '0', '0', '0', '0', '0', '0', '0', '0', '0', '0', '0', '0', '0', '0', '0', '0', '0', '0', '0', '0', '0', '0'),
('ASM-RCS', '0', '0', '0', '4', '1', '2', '100', '100', '100', '0', '0', '0', '0', '0', '0', '0', '100', '100', '0', '0', '0', '0', '0', '0', '0', '100', '100', '100', '100', '0', '0', '0', '0', '0', '0', '0', '0', '0', '0', '0', '0', '0', '0', '0', '0', '0', '0', '0', '0', '0', '0', '0', '0', '0', '0', '0', '0', '0', '0', '0', '0', '0', '0', '0', '0', '0', '0', '0', '0', '0', '0', '0', '0', '0', '0', '0', '0', '0', '0'),
('ASM-SDR', '0', '0', '0', '1', '0', '0', '0', '0', '0', '0', '0', '0', '0', '0', '0', '100', '0', '0', '0', '0', '0', '0', '0', '0', '100', '100', '100', '0', '0', '0', '0', '0', '0', '0', '100', '100', '100', '0', '0', '0', '0', '0', '0', '0', '0', '0', '0', '0', '0', '0', '0', '0', '0', '0', '0', '0', '0', '0', '0', '0', '0', '0', '0', '0', '0', '0', '0', '0', '0', '0', '0', '0', '0', '0', '0', '0', '0', '0', '0'),
('ASSE-FCL', '0', '0', '0', '2', '2', '0', '100', '0', '0', '0', '0', '0', '0', '0', '0', '100', '0', '100', '0', '0', '0', '0', '0', '0', '0', '0', '100', '0', '0', '0', '0', '0', '0', '0', '100', '100', '100', '0', '0', '0', '0', '0', '0', '0', '0', '0', '0', '0', '0', '0', '0', '0', '0', '0', '0', '0', '0', '0', '0', '0', '0', '0', '0', '0', '0', '0', '0', '0', '0', '0', '0', '0', '0', '0', '0', '0', '0', '0', '0'),
('ASSE-OGCN', '0', '0', '0', '2', '1', '0', '100', '0', '0', '0', '0', '0', '0', '0', '0', '0', '0', '0', '0', '0', '0', '0', '0', '0', '0', '0', '100', '0', '0', '0', '0', '0', '0', '100', '100', '100', '100', '0', '0', '0', '0', '0', '0', '0', '0', '0', '0', '0', '0', '0', '0', '0', '0', '0', '0', '0', '0', '0', '0', '0', '0', '0', '0', '0', '0', '0', '0', '0', '0', '0', '0', '0', '0', '0', '0', '0', '0', '0', '0'),
('ASSE-RCS', '0', '0', '0', '2', '1', '0', '100', '0', '0', '0', '0', '0', '0', '0', '100', '100', '0', '100', '0', '0', '0', '0', '0', '0', '100', '100', '100', '0', '0', '0', '0', '0', '0', '0', '100', '100', '100', '0', '0', '0', '0', '0', '0', '0', '0', '0', '0', '0', '0', '0', '0', '0', '0', '0', '0', '0', '0', '0', '0', '0', '0', '0', '0', '0', '0', '0', '0', '0', '0', '0', '0', '0', '0', '0', '0', '0', '0', '0', '0'),
('ASSE-SRFC', '0', '0', '0', '2', '0', '2', '100', '100', '0', '0', '0', '0', '0', '0', '100', '100', '0', '0', '0', '0', '0', '0', '0', '100', '100', '100', '100', '100', '0', '0', '0', '0', '0', '0', '0', '100', '100', '0', '0', '0', '0', '0', '0', '0', '0', '0', '0', '0', '0', '0', '0', '0', '0', '0', '0', '0', '0', '0', '0', '0', '0', '0', '0', '0', '0', '0', '0', '0', '0', '0', '0', '0', '0', '0', '0', '0', '0', '0', '0'),
('DFCO-MHSC', '0', '0', '0', '3', '1', '1', '100', '100', '0', '0', '0', '0', '0', '0', '0', '100', '100', '100', '0', '0', '0', '0', '0', '0', '100', '100', '100', '100', '0', '0', '0', '0', '0', '0', '100', '100', '100', '0', '0', '0', '0', '0', '0', '0', '0', '0', '0', '0', '0', '0', '0', '0', '0', '0', '0', '0', '0', '0', '0', '0', '0', '0', '0', '0', '0', '0', '0', '0', '0', '0', '0', '0', '0', '0', '0', '0', '0', '0', '0'),
('DFCO-SB29', '0', '0', '0', '2', '1', '1', '0', '0', '0', '0', '0', '0', '0', '0', '0', '100', '0', '0', '0', '0', '0', '0', '0', '0', '0', '100', '100', '0', '0', '0', '0', '0', '0', '0', '100', '100', '100', '0', '0', '0', '0', '0', '0', '0', '0', '0', '0', '0', '0', '0', '0', '0', '0', '0', '0', '0', '0', '0', '0', '0', '0', '0', '0', '0', '0', '0', '0', '0', '0', '0', '0', '0', '0', '0', '0', '0', '0', '0', '0'),
('DFCO-SCO', '0', '0', '0', '2', '0', '1', '100', '0', '0', '0', '0', '0', '0', '0', '0', '100', '0', '0', '0', '0', '0', '0', '0', '0', '100', '100', '100', '100', '0', '0', '0', '0', '0', '0', '0', '100', '100', '0', '0', '0', '0', '0', '0', '0', '0', '0', '0', '0', '0', '0', '0', '0', '0', '0', '0', '0', '0', '0', '0', '0', '0', '0', '0', '0', '0', '0', '0', '0', '0', '0', '0', '0', '0', '0', '0', '0', '0', '0', '0'),
('DFCO-SRFC', '0', '0', '0', '3', '1', '1', '100', '100', '0', '0', '0', '0', '0', '0', '0', '0', '0', '0', '0', '0', '0', '0', '0', '0', '0', '100', '100', '100', '0', '0', '0', '0', '0', '0', '100', '100', '100', '0', '0', '0', '0', '0', '0', '0', '0', '0', '0', '0', '0', '0', '0', '0', '0', '0', '0', '0', '0', '0', '0', '0', '0', '0', '0', '0', '0', '0', '0', '0', '0', '0', '0', '0', '0', '0', '0', '0', '0', '0', '0'),
('FCGB-DFCO', '0', '0', '0', '2', '1', '0', '0', '0', '0', '0', '0', '0', '0', '0', '0', '100', '0', '0', '0', '0', '0', '0', '0', '0', '0', '100', '100', '0', '0', '0', '0', '0', '0', '0', '100', '100', '100', '0', '0', '0', '0', '0', '0', '0', '0', '0', '0', '0', '0', '0', '0', '0', '0', '0', '0', '0', '0', '0', '0', '0', '0', '0', '0', '0', '0', '0', '0', '0', '0', '0', '0', '0', '0', '0', '0', '0', '0', '0', '0'),
('FCGB-FCN', '0', '0', '0', '1', '1', '0', '0', '0', '0', '0', '0', '0', '0', '0', '100', '100', '0', '0', '0', '0', '0', '0', '0', '0', '0', '100', '100', '0', '0', '0', '0', '0', '0', '100', '100', '100', '100', '0', '0', '0', '0', '0', '0', '0', '0', '0', '0', '0', '0', '0', '0', '0', '0', '0', '0', '0', '0', '0', '0', '0', '0', '0', '0', '0', '0', '0', '0', '0', '0', '0', '0', '0', '0', '0', '0', '0', '0', '0', '0'),
('FCGB-OGCN', '0', '0', '0', '1', '0', '0', '0', '0', '0', '0', '0', '0', '0', '100', '100', '100', '0', '0', '0', '0', '0', '0', '0', '100', '100', '100', '100', '0', '0', '0', '0', '0', '0', '100', '100', '100', '100', '0', '0', '0', '0', '0', '0', '0', '0', '0', '0', '0', '0', '0', '0', '0', '0', '0', '0', '0', '0', '0', '0', '0', '0', '0', '0', '0', '0', '0', '0', '0', '0', '0', '0', '0', '0', '0', '0', '0', '0', '0', '0'),
('FCL-OL', '0', '0', '0', '2', '1', '1', '0', '0', '0', '0', '0', '0', '0', '0', '0', '0', '0', '0', '0', '0', '0', '0', '0', '0', '0', '0', '100', '0', '0', '0', '0', '0', '0', '0', '0', '100', '100', '0', '0', '0', '0', '0', '0', '0', '0', '0', '0', '0', '0', '0', '0', '0', '0', '0', '0', '0', '0', '0', '0', '0', '0', '0', '0', '0', '0', '0', '0', '0', '0', '0', '0', '0', '0', '0', '0', '0', '0', '0', '0'),
('FCL-RCL', '0', '0', '0', '2', '1', '1', '100', '0', '0', '0', '0', '0', '0', '0', '0', '0', '0', '0', '0', '0', '0', '0', '0', '0', '100', '100', '100', '0', '0', '0', '0', '0', '0', '0', '0', '100', '100', '0', '0', '0', '0', '0', '0', '0', '0', '0', '0', '0', '0', '0', '0', '0', '0', '0', '0', '0', '0', '0', '0', '0', '0', '0', '0', '0', '0', '0', '0', '0', '0', '0', '0', '0', '0', '0', '0', '0', '0', '0', '0'),
('FCL-RCS', '100', '0', '0', '2', '2', '0', '100', '0', '0', '0', '0', '0', '0', '0', '0', '100', '0', '100', '0', '0', '0', '0', '0', '0', '0', '100', '100', '0', '0', '0', '0', '0', '0', '100', '100', '100', '100', '0', '0', '0', '0', '0', '0', '0', '0', '0', '0', '0', '0', '0', '0', '0', '0', '0', '0', '0', '0', '0', '0', '0', '0', '0', '0', '0', '0', '0', '0', '0', '0', '0', '0', '0', '0', '0', '0', '0', '0', '0', '0'),
('FCL-SB29', '0', '0', '0', '4', '1', '2', '100', '100', '0', '0', '0', '0', '0', '0', '0', '0', '0', '0', '0', '0', '0', '0', '0', '0', '0', '0', '100', '100', '0', '0', '0', '0', '0', '0', '0', '100', '100', '0', '0', '0', '0', '0', '0', '0', '0', '0', '0', '0', '0', '0', '0', '0', '0', '0', '0', '0', '0', '0', '0', '0', '0', '0', '0', '0', '0', '0', '0', '0', '0', '0', '0', '0', '0', '0', '0', '0', '0', '0', '0'),
('FCM-ASM', '0', '0', '0', '2', '0', '2', '100', '0', '0', '0', '0', '0', '0', '0', '0', '0', '0', '0', '0', '0', '0', '0', '0', '0', '0', '100', '100', '0', '0', '0', '0', '0', '0', '0', '0', '0', '0', '0', '0', '0', '0', '0', '0', '0', '0', '0', '0', '0', '0', '0', '0', '0', '0', '0', '0', '0', '0', '0', '0', '0', '0', '0', '0', '0', '0', '0', '0', '0', '0', '0', '0', '0', '0', '0', '0', '0', '0', '0', '0'),
('FCM-FCL', '0', '0', '0', '3', '1', '2', '0', '0', '0', '0', '0', '0', '0', '0', '0', '0', '0', '0', '0', '0', '0', '0', '0', '0', '0', '100', '100', '0', '0', '0', '0', '0', '0', '0', '0', '0', '0', '0', '0', '0', '0', '0', '0', '0', '0', '0', '0', '0', '0', '0', '0', '0', '0', '0', '0', '0', '0', '0', '0', '0', '0', '0', '0', '0', '0', '0', '0', '0', '0', '0', '0', '0', '0', '0', '0', '0', '0', '0', '0'),
('FCM-SDR', '0', '0', '0', '1', '1', '0', '0', '0', '0', '0', '0', '0', '0', '0', '100', '100', '0', '0', '0', '0', '0', '0', '0', '0', '0', '100', '100', '0', '0', '0', '0', '0', '0', '100', '100', '100', '100', '0', '0', '0', '0', '0', '0', '0', '0', '0', '0', '0', '0', '0', '0', '0', '0', '0', '0', '0', '0', '0', '0', '0', '0', '0', '0', '0', '0', '0', '0', '0', '0', '0', '0', '0', '0', '0', '0', '0', '0', '0', '0'),
('FCN-ASSE', '0', '0', '0', '3', '1', '1', '100', '100', '0', '0', '0', '0', '0', '0', '0', '0', '0', '0', '0', '0', '0', '0', '0', '0', '100', '100', '100', '0', '0', '0', '0', '0', '0', '0', '0', '100', '100', '0', '0', '0', '0', '0', '0', '0', '0', '0', '0', '0', '0', '0', '0', '0', '0', '0', '0', '0', '0', '0', '0', '0', '0', '0', '0', '0', '0', '0', '0', '0', '0', '0', '0', '0', '0', '0', '0', '0', '0', '0', '0'),
('FCN-NO', '0', '0', '0', '2', '1', '1', '100', '0', '0', '0', '0', '0', '0', '0', '0', '0', '0', '0', '0', '0', '0', '0', '0', '0', '100', '100', '100', '0', '0', '0', '0', '0', '0', '0', '0', '0', '100', '0', '0', '0', '0', '0', '0', '0', '0', '0', '0', '0', '0', '0', '0', '0', '0', '0', '0', '0', '0', '0', '0', '0', '0', '0', '0', '0', '0', '0', '0', '0', '0', '0', '0', '0', '0', '0', '0', '0', '0', '0', '0'),
('FCN-SB29', '0', '0', '0', '1', '0', '1', '100', '0', '0', '0', '0', '0', '0', '100', '100', '100', '0', '0', '0', '0', '0', '0', '0', '100', '100', '100', '100', '100', '0', '0', '0', '0', '0', '100', '100', '100', '100', '0', '0', '0', '0', '0', '0', '0', '0', '0', '0', '0', '0', '0', '0', '0', '0', '0', '0', '0', '0', '0', '0', '0', '0', '0', '100', '0', '0', '0', '0', '0', '100', '0', '0', '0', '0', '0', '0', '0', '0', '0', '0'),
('LOSC-FCM', '0', '0', '0', '2', '1', '0', '0', '0', '0', '0', '0', '0', '0', '0', '0', '100', '0', '0', '0', '0', '0', '0', '0', '0', '0', '100', '100', '0', '0', '0', '0', '0', '0', '0', '100', '100', '100', '0', '0', '0', '0', '0', '0', '0', '0', '0', '0', '0', '0', '0', '0', '0', '0', '0', '0', '0', '0', '0', '0', '0', '0', '0', '0', '0', '0', '0', '0', '0', '0', '0', '0', '0', '0', '0', '0', '0', '0', '0', '0'),
('LOSC-FCN', '100', '0', '0', '2', '2', '0', '100', '0', '0', '0', '0', '0', '0', '0', '0', '0', '0', '100', '0', '0', '0', '0', '0', '0', '0', '100', '100', '0', '0', '0', '0', '0', '0', '0', '100', '100', '100', '0', '0', '0', '0', '0', '0', '0', '0', '0', '0', '0', '0', '0', '0', '0', '0', '0', '0', '0', '0', '0', '0', '0', '0', '0', '0', '0', '0', '0', '0', '0', '0', '0', '0', '0', '0', '0', '0', '0', '0', '0', '0'),
('LOSC-RCL', '0', '0', '0', '2', '2', '0', '100', '0', '0', '0', '0', '0', '0', '0', '0', '0', '0', '100', '0', '0', '0', '0', '0', '0', '0', '0', '100', '0', '0', '0', '0', '0', '0', '100', '100', '100', '100', '0', '0', '0', '0', '0', '0', '0', '0', '0', '0', '0', '0', '0', '0', '0', '0', '0', '0', '0', '0', '0', '0', '0', '0', '0', '0', '0', '0', '0', '0', '0', '0', '0', '0', '0', '0', '0', '0', '0', '0', '0', '0'),
('LOSC-SRFC', '0', '0', '0', '2', '1', '1', '100', '0', '0', '0', '0', '0', '0', '0', '0', '100', '0', '100', '0', '0', '0', '0', '0', '0', '0', '100', '100', '0', '0', '0', '0', '0', '0', '0', '0', '100', '100', '0', '0', '0', '0', '0', '0', '0', '0', '0', '0', '0', '0', '0', '0', '0', '0', '0', '0', '0', '0', '0', '0', '0', '0', '0', '0', '0', '0', '0', '0', '0', '0', '0', '0', '0', '0', '0', '0', '0', '0', '0', '0'),
('MHSC-NO', '0', '0', '0', '2', '1', '0', '100', '0', '0', '0', '0', '0', '0', '0', '100', '100', '0', '0', '0', '0', '0', '0', '0', '0', '0', '100', '100', '0', '0', '0', '0', '0', '0', '0', '100', '100', '100', '0', '0', '0', '0', '0', '0', '0', '0', '0', '0', '0', '0', '0', '0', '0', '0', '0', '0', '0', '0', '0', '0', '0', '0', '0', '0', '0', '0', '0', '0', '0', '0', '0', '0', '0', '0', '0', '0', '0', '0', '0', '0'),
('MHSC-OGCN', '0', '0', '0', '2', '1', '0', '100', '0', '0', '0', '0', '0', '0', '0', '0', '100', '0', '0', '0', '0', '0', '0', '0', '0', '0', '100', '100', '0', '0', '0', '0', '0', '0', '100', '100', '100', '100', '0', '0', '0', '0', '0', '0', '0', '0', '0', '0', '0', '0', '0', '0', '0', '0', '0', '0', '0', '0', '0', '0', '0', '0', '0', '0', '0', '0', '0', '0', '0', '0', '0', '0', '0', '0', '0', '0', '0', '0', '0', '0'),
('MHSC-OL', '0', '0', '0', '2', '1', '1', '100', '0', '0', '0', '0', '0', '0', '0', '0', '0', '0', '100', '0', '0', '0', '0', '0', '0', '100', '100', '100', '0', '0', '0', '0', '0', '0', '0', '0', '100', '100', '0', '0', '0', '0', '0', '0', '0', '0', '0', '0', '0', '0', '0', '0', '0', '0', '0', '0', '0', '0', '0', '0', '0', '0', '0', '0', '0', '0', '0', '0', '0', '0', '0', '0', '0', '0', '0', '0', '0', '0', '0', '0'),
('MHSC-SCO', '0', '0', '0', '2', '1', '1', '0', '0', '0', '0', '0', '0', '0', '0', '0', '0', '0', '0', '0', '0', '0', '0', '0', '0', '0', '0', '100', '0', '0', '0', '0', '0', '0', '0', '100', '100', '100', '0', '0', '0', '0', '0', '0', '0', '0', '0', '0', '0', '0', '0', '0', '0', '0', '0', '0', '0', '0', '0', '0', '0', '0', '0', '0', '0', '0', '0', '0', '0', '0', '0', '0', '0', '0', '0', '0', '0', '0', '0', '0'),
('NO-OL', '0', '0', '0', '2', '0', '2', '0', '0', '0', '0', '0', '0', '0', '0', '0', '0', '0', '0', '0', '0', '0', '0', '0', '0', '100', '100', '100', '0', '0', '0', '0', '0', '0', '0', '0', '0', '100', '0', '0', '0', '0', '0', '0', '0', '0', '0', '0', '0', '0', '0', '0', '0', '0', '0', '0', '0', '0', '0', '0', '0', '0', '0', '0', '0', '0', '0', '0', '0', '0', '0', '0', '0', '0', '0', '0', '0', '0', '0', '0'),
('NO-PSG', '0', '100', '0', '4', '0', '3', '100', '100', '100', '0', '0', '0', '0', '0', '0', '0', '0', '0', '0', '0', '0', '0', '0', '0', '100', '100', '100', '100', '100', '100', '0', '0', '0', '0', '0', '0', '100', '0', '0', '0', '0', '0', '0', '0', '0', '0', '0', '0', '0', '0', '0', '0', '0', '0', '0', '0', '0', '0', '0', '0', '0', '0', '0', '0', '0', '0', '0', '0', '0', '0', '0', '0', '0', '0', '0', '0', '0', '0', '0'),
('NO-RCL', '0', '0', '0', '2', '1', '1', '100', '0', '0', '0', '0', '0', '0', '0', '0', '100', '0', '0', '0', '0', '0', '0', '0', '0', '0', '100', '100', '100', '0', '0', '0', '0', '0', '0', '100', '100', '100', '0', '0', '0', '0', '0', '0', '0', '0', '0', '0', '0', '0', '0', '0', '0', '0', '0', '0', '0', '0', '0', '0', '0', '0', '0', '0', '0', '0', '0', '0', '0', '0', '0', '0', '0', '0', '0', '0', '0', '0', '0', '0'),
('NO-SB29', '100', '0', '0', '3', '3', '0', '100', '100', '0', '0', '0', '0', '0', '0', '0', '0', '0', '100', '100', '0', '0', '0', '0', '0', '0', '0', '100', '0', '0', '0', '0', '0', '0', '0', '100', '100', '100', '0', '0', '0', '0', '0', '0', '0', '0', '0', '0', '0', '0', '0', '0', '0', '0', '0', '0', '0', '0', '0', '0', '0', '0', '0', '0', '0', '0', '0', '0', '0', '0', '0', '0', '0', '0', '0', '0', '0', '0', '0', '0'),
('NO-SRFC', '0', '0', '0', '3', '1', '2', '100', '0', '0', '0', '0', '0', '0', '0', '0', '0', '0', '0', '0', '0', '0', '0', '0', '0', '0', '100', '100', '100', '0', '0', '0', '0', '0', '0', '0', '0', '100', '0', '0', '0', '0', '0', '0', '0', '0', '0', '0', '0', '0', '0', '0', '0', '0', '0', '0', '0', '0', '0', '0', '0', '0', '0', '0', '0', '0', '0', '0', '0', '0', '0', '0', '0', '0', '0', '0', '0', '0', '0', '0'),
('OGCN-FCN', '0', '0', '0', '2', '1', '1', '100', '0', '0', '0', '0', '0', '0', '0', '100', '100', '0', '0', '0', '0', '0', '0', '0', '0', '100', '100', '100', '100', '0', '0', '0', '0', '0', '100', '100', '100', '100', '0', '0', '0', '0', '0', '0', '0', '0', '0', '0', '0', '0', '0', '0', '0', '0', '0', '0', '0', '0', '0', '0', '0', '0', '0', '100', '0', '0', '0', '0', '0', '100', '0', '0', '0', '0', '0', '0', '0', '0', '0', '0'),
('OGCN-PSG', '0', '0', '0', '3', '0', '2', '100', '100', '0', '0', '0', '0', '0', '0', '0', '0', '0', '0', '0', '0', '0', '0', '0', '100', '100', '100', '100', '100', '0', '0', '0', '0', '0', '0', '0', '0', '100', '0', '0', '0', '0', '0', '0', '0', '0', '0', '0', '0', '0', '0', '0', '0', '0', '0', '0', '0', '0', '0', '0', '0', '0', '0', '0', '0', '0', '0', '0', '0', '0', '0', '0', '0', '0', '0', '0', '0', '0', '0', '0'),
('OGCN-RCL', '0', '0', '0', '1', '0', '1', '0', '0', '0', '0', '0', '0', '0', '0', '100', '100', '0', '0', '0', '0', '0', '0', '0', '0', '100', '100', '100', '0', '0', '0', '0', '0', '0', '0', '100', '100', '100', '0', '0', '0', '0', '0', '0', '0', '0', '0', '0', '0', '0', '0', '0', '0', '0', '0', '0', '0', '0', '0', '0', '0', '0', '0', '0', '0', '0', '0', '0', '0', '0', '0', '0', '0', '0', '0', '0', '0', '0', '0', '0'),
('OL-DFCO', '0', '0', '0', '3', '2', '1', '0', '0', '0', '0', '0', '0', '0', '0', '0', '0', '0', '0', '0', '0', '0', '0', '0', '0', '0', '0', '0', '0', '0', '0', '0', '0', '0', '0', '0', '100', '100', '0', '0', '0', '0', '0', '0', '0', '0', '0', '0', '0', '0', '0', '0', '0', '0', '0', '0', '0', '0', '0', '0', '0', '0', '0', '0', '0', '0', '0', '0', '0', '0', '0', '0', '0', '0', '0', '0', '0', '0', '0', '0'),
('OL-FCGB', '0', '0', '0', '2', '1', '1', '0', '0', '0', '0', '0', '0', '0', '0', '0', '0', '0', '0', '0', '0', '0', '0', '0', '0', '0', '100', '100', '0', '0', '0', '0', '0', '0', '0', '100', '100', '100', '0', '0', '0', '0', '0', '0', '0', '0', '0', '0', '0', '0', '0', '0', '0', '0', '0', '0', '0', '0', '0', '0', '0', '0', '0', '0', '0', '0', '0', '0', '0', '0', '0', '0', '0', '0', '0', '0', '0', '0', '0', '0'),
('OL-OM', '0', '0', '0', '3', '2', '1', '100', '100', '0', '0', '0', '0', '0', '0', '0', '0', '0', '100', '0', '0', '0', '0', '0', '0', '0', '0', '100', '0', '0', '0', '0', '0', '0', '0', '100', '100', '100', '0', '0', '0', '0', '0', '0', '0', '0', '0', '0', '0', '0', '0', '0', '0', '0', '0', '0', '0', '0', '0', '0', '0', '0', '0', '0', '0', '0', '0', '0', '0', '0', '0', '0', '0', '0', '0', '0', '0', '0', '0', '0'),
('OM-ASSE', '0', '0', '0', '2', '1', '0', '100', '0', '0', '0', '0', '0', '0', '0', '100', '100', '0', '0', '0', '0', '0', '0', '0', '0', '100', '100', '100', '0', '0', '0', '0', '0', '0', '0', '100', '100', '100', '0', '0', '0', '0', '0', '0', '0', '0', '0', '0', '0', '0', '0', '0', '0', '0', '0', '0', '0', '0', '0', '0', '0', '0', '0', '0', '0', '0', '0', '0', '0', '0', '0', '0', '0', '0', '0', '0', '0', '0', '0', '0'),
('OM-FCGB', '0', '0', '0', '1', '1', '0', '0', '0', '0', '0', '0', '0', '0', '0', '0', '100', '0', '0', '0', '0', '0', '0', '0', '0', '0', '100', '100', '0', '0', '0', '0', '0', '0', '0', '100', '100', '100', '0', '0', '0', '0', '0', '0', '0', '0', '0', '0', '0', '0', '0', '0', '0', '0', '0', '0', '0', '0', '0', '0', '0', '0', '0', '0', '0', '0', '0', '0', '0', '0', '0', '0', '0', '0', '0', '0', '0', '0', '0', '0'),
('OM-FCM', '0', '0', '0', '3', '2', '1', '100', '0', '0', '0', '0', '0', '0', '0', '0', '0', '0', '0', '0', '0', '0', '0', '0', '0', '0', '0', '0', '0', '0', '0', '0', '0', '0', '0', '0', '100', '100', '0', '0', '0', '0', '0', '0', '0', '0', '0', '0', '0', '0', '0', '0', '0', '0', '0', '0', '0', '0', '0', '0', '0', '0', '0', '0', '0', '0', '0', '0', '0', '0', '0', '0', '0', '0', '0', '0', '0', '0', '0', '0'),
('OM-LOSC', '0', '0', '0', '2', '1', '1', '100', '100', '0', '0', '0', '0', '0', '0', '100', '100', '0', '0', '0', '0', '0', '0', '0', '0', '100', '100', '100', '100', '0', '0', '0', '0', '0', '0', '0', '100', '100', '0', '0', '0', '0', '0', '0', '0', '0', '0', '0', '0', '0', '0', '0', '0', '0', '0', '0', '0', '0', '0', '0', '0', '0', '0', '0', '0', '0', '0', '0', '0', '0', '0', '0', '0', '0', '0', '0', '0', '0', '0', '0'),
('PSG-FCM', '100', '0', '0', '3', '3', '0', '100', '0', '0', '0', '0', '0', '0', '0', '0', '0', '0', '100', '0', '0', '0', '0', '0', '0', '0', '0', '0', '0', '0', '0', '0', '0', '0', '0', '100', '100', '100', '0', '0', '0', '0', '0', '0', '0', '0', '0', '0', '0', '0', '0', '0', '0', '0', '0', '0', '0', '0', '0', '0', '0', '0', '0', '0', '0', '0', '0', '0', '0', '0', '0', '0', '0', '0', '0', '0', '0', '0', '0', '0'),
('PSG-OM', '0', '0', '0', '2', '2', '0', '100', '0', '0', '0', '0', '0', '0', '0', '0', '100', '0', '0', '0', '0', '0', '0', '0', '0', '0', '0', '100', '0', '0', '0', '0', '0', '0', '100', '100', '100', '100', '0', '0', '0', '0', '0', '0', '0', '0', '0', '0', '0', '0', '0', '0', '0', '0', '0', '0', '0', '0', '0', '0', '0', '0', '0', '0', '0', '0', '0', '0', '0', '0', '0', '0', '0', '0', '0', '0', '0', '0', '0', '0'),
('PSG-SCO', '100', '0', '0', '4', '3', '0', '100', '100', '100', '0', '0', '0', '0', '0', '0', '0', '0', '100', '100', '0', '0', '0', '0', '0', '0', '0', '0', '0', '0', '0', '0', '0', '0', '100', '100', '100', '100', '0', '0', '0', '0', '0', '0', '0', '0', '0', '0', '0', '0', '0', '0', '0', '0', '0', '0', '0', '0', '0', '0', '0', '0', '0', '0', '0', '0', '0', '0', '0', '0', '0', '0', '0', '0', '0', '0', '0', '0', '0', '0'),
('RCL-ASSE', '0', '0', '0', '3', '1', '1', '100', '0', '0', '0', '0', '0', '0', '0', '0', '0', '0', '0', '0', '0', '0', '0', '0', '0', '0', '100', '100', '0', '0', '0', '0', '0', '0', '0', '0', '100', '100', '0', '0', '0', '0', '0', '0', '0', '0', '0', '0', '0', '0', '0', '0', '0', '0', '0', '0', '0', '0', '0', '0', '0', '0', '0', '0', '0', '0', '0', '0', '0', '0', '0', '0', '0', '0', '0', '0', '0', '0', '0', '0'),
('RCL-FCGB', '0', '0', '0', '2', '1', '1', '100', '0', '0', '0', '0', '0', '0', '0', '0', '100', '0', '100', '0', '0', '0', '0', '0', '0', '100', '100', '100', '0', '0', '0', '0', '0', '0', '0', '100', '100', '100', '0', '0', '0', '0', '0', '0', '0', '0', '0', '0', '0', '0', '0', '0', '0', '0', '0', '0', '0', '0', '0', '0', '0', '0', '0', '0', '0', '0', '0', '0', '0', '0', '0', '0', '0', '0', '0', '0', '0', '0', '0', '0'),
('RCL-PSG', '0', '0', '0', '2', '0', '1', '0', '0', '0', '0', '0', '0', '0', '0', '0', '0', '0', '0', '0', '0', '0', '0', '0', '100', '100', '100', '100', '0', '0', '0', '0', '0', '0', '0', '0', '0', '100', '0', '0', '0', '0', '0', '0', '0', '0', '0', '0', '0', '0', '0', '0', '0', '0', '0', '0', '0', '0', '0', '0', '0', '0', '0', '0', '0', '0', '0', '0', '0', '0', '0', '0', '0', '0', '0', '0', '0', '0', '0', '0'),
('RCS-DFCO', '0', '0', '0', '2', '1', '1', '100', '0', '0', '0', '0', '0', '0', '0', '0', '0', '0', '0', '0', '0', '0', '0', '0', '0', '0', '100', '100', '0', '0', '0', '0', '0', '0', '0', '100', '100', '100', '0', '0', '0', '0', '0', '0', '0', '0', '0', '0', '0', '0', '0', '0', '0', '0', '0', '0', '0', '0', '0', '0', '0', '0', '0', '0', '0', '0', '0', '0', '0', '0', '0', '0', '0', '0', '0', '0', '0', '0', '0', '0'),
('RCS-LOSC', '0', '0', '0', '2', '0', '1', '0', '0', '0', '0', '0', '0', '0', '0', '100', '100', '0', '0', '0', '0', '0', '0', '0', '100', '100', '100', '100', '0', '0', '0', '0', '0', '0', '0', '0', '100', '100', '0', '0', '0', '0', '0', '0', '0', '0', '0', '0', '0', '0', '0', '0', '0', '0', '0', '0', '0', '0', '0', '0', '0', '0', '0', '0', '0', '0', '0', '0', '0', '0', '0', '0', '0', '0', '0', '0', '0', '0', '0', '0'),
('RCS-OGCN', '0', '0', '0', '1', '0', '0', '100', '0', '0', '0', '0', '0', '0', '100', '100', '100', '0', '0', '0', '0', '0', '0', '0', '0', '100', '100', '100', '0', '0', '0', '0', '0', '0', '0', '100', '100', '100', '0', '0', '0', '0', '0', '0', '0', '0', '0', '0', '0', '0', '0', '0', '0', '0', '0', '0', '0', '0', '0', '0', '0', '0', '0', '0', '0', '0', '0', '0', '0', '0', '0', '0', '0', '0', '0', '0', '0', '0', '0', '0'),
('RCS-OL', '0', '0', '0', '3', '1', '1', '100', '100', '0', '0', '0', '0', '0', '0', '0', '0', '0', '0', '0', '0', '0', '0', '0', '0', '0', '100', '100', '100', '0', '0', '0', '0', '0', '0', '100', '100', '100', '0', '0', '0', '0', '0', '0', '0', '0', '0', '0', '0', '0', '0', '0', '0', '0', '0', '0', '0', '0', '0', '0', '0', '0', '0', '0', '0', '0', '0', '0', '0', '0', '0', '0', '0', '0', '0', '0', '0', '0', '0', '0'),
('SB29-ASM', '0', '0', '0', '2', '1', '1', '100', '0', '0', '0', '0', '0', '0', '0', '0', '0', '0', '100', '0', '0', '0', '0', '0', '0', '100', '100', '100', '0', '0', '0', '0', '0', '0', '0', '0', '0', '100', '0', '0', '0', '0', '0', '0', '0', '0', '0', '0', '0', '0', '0', '0', '0', '0', '0', '0', '0', '0', '0', '0', '0', '0', '0', '0', '0', '0', '0', '0', '0', '0', '0', '0', '0', '0', '0', '0', '0', '0', '0', '0'),
('SB29-OM', '0', '0', '0', '2', '1', '1', '100', '0', '0', '0', '0', '0', '0', '0', '0', '0', '0', '0', '0', '0', '0', '0', '0', '0', '100', '100', '100', '0', '0', '0', '0', '0', '0', '0', '0', '100', '100', '0', '0', '0', '0', '0', '0', '0', '0', '0', '0', '0', '0', '0', '0', '0', '0', '0', '0', '0', '0', '0', '0', '0', '0', '0', '0', '0', '0', '0', '0', '0', '0', '0', '0', '0', '0', '0', '0', '0', '0', '0', '0'),
('SCO-FCGB', '0', '0', '0', '2', '1', '1', '0', '0', '0', '0', '0', '0', '0', '0', '0', '100', '0', '0', '0', '0', '0', '0', '0', '0', '0', '100', '100', '0', '0', '0', '0', '0', '0', '0', '100', '100', '100', '0', '0', '0', '0', '0', '0', '0', '0', '0', '0', '0', '0', '0', '0', '0', '0', '0', '0', '0', '0', '0', '0', '0', '0', '0', '0', '0', '0', '0', '0', '0', '0', '0', '0', '0', '0', '0', '0', '0', '0', '0', '0'),
('SCO-FCM', '0', '0', '0', '2', '1', '1', '100', '0', '0', '0', '0', '0', '0', '0', '100', '100', '0', '0', '0', '0', '0', '0', '0', '0', '0', '100', '100', '0', '0', '0', '0', '0', '0', '0', '100', '100', '100', '0', '0', '0', '0', '0', '0', '0', '0', '0', '0', '0', '0', '0', '0', '0', '0', '0', '0', '0', '0', '0', '0', '0', '0', '0', '0', '0', '0', '0', '0', '0', '0', '0', '0', '0', '0', '0', '0', '0', '0', '0', '0'),
('SCO-SB29', '0', '0', '0', '1', '0', '0', '0', '0', '0', '0', '0', '0', '0', '0', '0', '0', '0', '0', '0', '0', '0', '0', '0', '0', '0', '100', '100', '0', '0', '0', '0', '0', '0', '0', '100', '100', '100', '0', '0', '0', '0', '0', '0', '0', '0', '0', '0', '0', '0', '0', '0', '0', '0', '0', '0', '0', '0', '0', '0', '0', '0', '0', '0', '0', '0', '0', '0', '0', '0', '0', '0', '0', '0', '0', '0', '0', '0', '0', '0'),
('SCO-SDR', '0', '0', '0', '2', '0', '1', '0', '0', '0', '0', '0', '0', '0', '0', '0', '0', '0', '0', '0', '0', '0', '0', '0', '100', '100', '100', '100', '0', '0', '0', '0', '0', '0', '0', '0', '0', '100', '0', '0', '0', '0', '0', '0', '0', '0', '0', '0', '0', '0', '0', '0', '0', '0', '0', '0', '0', '0', '0', '0', '0', '0', '0', '0', '0', '0', '0', '0', '0', '0', '0', '0', '0', '0', '0', '0', '0', '0', '0', '0'),
('SDR-FCL', '0', '0', '0', '3', '1', '1', '100', '0', '0', '0', '0', '0', '0', '0', '0', '0', '0', '0', '0', '0', '0', '0', '0', '0', '0', '0', '100', '100', '0', '0', '0', '0', '0', '0', '0', '100', '100', '0', '0', '0', '0', '0', '0', '0', '0', '0', '0', '0', '0', '0', '0', '0', '0', '0', '0', '0', '0', '0', '0', '0', '0', '0', '0', '0', '0', '0', '0', '0', '0', '0', '0', '0', '0', '0', '0', '0', '0', '0', '0'),
('SDR-LOSC', '0', '0', '0', '1', '0', '1', '100', '0', '0', '0', '0', '0', '0', '100', '100', '100', '0', '0', '0', '0', '0', '0', '0', '0', '100', '100', '100', '0', '0', '0', '0', '0', '0', '0', '100', '100', '100', '0', '0', '0', '0', '0', '0', '0', '0', '0', '0', '0', '0', '0', '0', '0', '0', '0', '0', '0', '0', '0', '0', '0', '0', '0', '0', '0', '0', '0', '0', '0', '0', '0', '0', '0', '0', '0', '0', '0', '0', '0', '0'),
('SDR-PSG', '0', '0', '0', '3', '1', '2', '100', '100', '0', '0', '0', '0', '0', '0', '0', '0', '0', '0', '0', '0', '0', '0', '0', '0', '0', '100', '100', '0', '0', '0', '0', '0', '0', '0', '0', '0', '100', '0', '0', '0', '0', '0', '0', '0', '0', '0', '0', '0', '0', '0', '0', '0', '0', '0', '0', '0', '0', '0', '0', '0', '0', '0', '0', '0', '0', '0', '0', '0', '0', '0', '0', '0', '0', '0', '0', '0', '0', '0', '0'),
('SRFC-ASM', '0', '0', '0', '3', '1', '1', '100', '100', '0', '0', '0', '0', '0', '0', '0', '0', '100', '100', '0', '0', '0', '0', '0', '0', '100', '100', '100', '100', '0', '0', '0', '0', '0', '0', '0', '100', '100', '0', '0', '0', '0', '0', '0', '0', '0', '0', '0', '0', '0', '0', '0', '0', '0', '0', '0', '0', '0', '0', '0', '0', '0', '0', '0', '0', '0', '0', '0', '0', '0', '0', '0', '0', '0', '0', '0', '0', '0', '0', '0'),
('SRFC-MHSC', '0', '0', '0', '2', '2', '0', '0', '0', '0', '0', '0', '0', '0', '0', '0', '0', '0', '0', '0', '0', '0', '0', '0', '0', '0', '0', '0', '0', '0', '0', '0', '0', '0', '0', '100', '100', '100', '0', '0', '0', '0', '0', '0', '0', '0', '0', '0', '0', '0', '0', '0', '0', '0', '0', '0', '0', '0', '0', '0', '0', '0', '0', '0', '0', '0', '0', '0', '0', '0', '0', '0', '0', '0', '0', '0', '0', '0', '0', '0'),
('SRFC-SDR', '0', '0', '0', '2', '0', '1', '100', '0', '0', '0', '0', '0', '0', '0', '0', '100', '0', '0', '0', '0', '0', '0', '0', '0', '100', '100', '100', '100', '0', '0', '0', '0', '0', '0', '100', '100', '100', '0', '0', '0', '0', '0', '0', '0', '0', '0', '0', '0', '0', '0', '0', '0', '0', '0', '0', '0', '0', '0', '0', '0', '0', '0', '0', '0', '0', '0', '0', '0', '0', '0', '0', '0', '0', '0', '0', '0', '0', '0', '0');
--
-- end table insert : statistics
--

/*!40000 ALTER TABLE `statistics` ENABLE KEYS */;


--
-- start  table dump : teams
--

CREATE TABLE IF NOT EXISTS `teams` (
  `nom` varchar(30) CHARACTER SET utf8 NOT NULL DEFAULT '',
  `surnom` varchar(50) CHARACTER SET utf8 DEFAULT NULL,
  `classement` int(11) DEFAULT NULL,
  `classementDomicile` int(11) DEFAULT NULL,
  `classementExterieur` int(11) DEFAULT NULL,
  `nombreMatchsJoues` int(11) DEFAULT NULL,
  `nombreMatchsGagnes` int(11) DEFAULT NULL,
  `nombreMatchsNuls` int(11) DEFAULT NULL,
  `nombreMatchsPerdus` int(11) DEFAULT NULL,
  `nombreMatchsJouesDomicile` int(11) DEFAULT NULL,
  `nombreMatchsGagnesDomicile` int(11) DEFAULT NULL,
  `nombreMatchsNulsDomicile` int(11) DEFAULT NULL,
  `nombreMatchsPerdusDomicile` int(11) DEFAULT NULL,
  `nombreMatchsJouesExterieur` int(11) DEFAULT NULL,
  `nombreMatchsGagnesExterieur` int(11) DEFAULT NULL,
  `nombreMatchsNulsExterieur` int(11) DEFAULT NULL,
  `nombreMatchsPerdusExterieur` int(11) DEFAULT NULL,
  `matchPrecedentUn` varchar(50) CHARACTER SET utf8 DEFAULT NULL,
  `matchPrecedentDeux` varchar(50) CHARACTER SET utf8 DEFAULT NULL,
  `matchPrecedentTrois` varchar(50) CHARACTER SET utf8 DEFAULT NULL,
  `matchPrecedentQuatre` varchar(50) CHARACTER SET utf8 DEFAULT NULL,
  `matchPrecedentCinq` varchar(50) CHARACTER SET utf8 DEFAULT NULL,
  `SerieVEnCours` int(11) DEFAULT NULL,
  `SerieNEnCours` int(11) DEFAULT NULL,
  `SerieDEnCours` int(11) DEFAULT NULL,
  `MatchPrecedentUnDomicile` varchar(50) CHARACTER SET utf8 DEFAULT NULL,
  `MatchPrecedentDeuxDomicile` varchar(50) CHARACTER SET utf8 DEFAULT NULL,
  `MatchPrecedentTroisDomicile` varchar(50) CHARACTER SET utf8 DEFAULT NULL,
  `MatchPrecedentQuatreDomicile` varchar(50) CHARACTER SET utf8 DEFAULT NULL,
  `MatchPrecedentCinqDomicile` varchar(50) CHARACTER SET utf8 DEFAULT NULL,
  `SerieVEnCoursDomicile` int(11) DEFAULT NULL,
  `SerieNEnCoursDomicile` int(11) DEFAULT NULL,
  `SerieDEnCoursDomicile` int(11) DEFAULT NULL,
  `MatchPrecedentUnExterieur` varchar(50) CHARACTER SET utf8 DEFAULT NULL,
  `MatchPrecedentDeuxExterieur` varchar(50) CHARACTER SET utf8 DEFAULT NULL,
  `MatchPrecedentTroisExterieur` varchar(50) CHARACTER SET utf8 DEFAULT NULL,
  `MatchPrecedentQuatreExterieur` varchar(50) CHARACTER SET utf8 DEFAULT NULL,
  `MatchPrecedentCinqExterieur` varchar(50) CHARACTER SET utf8 DEFAULT NULL,
  `SerieVEnCoursExterieur` int(11) DEFAULT NULL,
  `SerieNEnCoursExterieur` int(11) DEFAULT NULL,
  `SerieDEnCoursExterieur` int(11) DEFAULT NULL,
  `NombreMatchsJouesClassementSup` int(11) DEFAULT NULL,
  `NombreVClassementSup` int(11) DEFAULT NULL,
  `NombreNClassementSup` int(11) DEFAULT NULL,
  `NombreDClassementSup` int(11) DEFAULT NULL,
  `NombreMatchsJouesClassementSupDomicile` int(11) DEFAULT NULL,
  `NombreVClassementSupDomicile` int(11) DEFAULT NULL,
  `NombreNClassementSupDomicile` int(11) DEFAULT NULL,
  `NombreDClassementSupDomicile` int(11) DEFAULT NULL,
  `NombreMatchsJouesClassementSupExterieur` int(11) DEFAULT NULL,
  `NombreVClassementSupExterieur` int(11) DEFAULT NULL,
  `NombreNClassementSupExterieur` int(11) DEFAULT NULL,
  `NombreDClassementSupExterieur` int(11) DEFAULT NULL,
  `NombreMatchsJouesClassementInf` int(11) DEFAULT NULL,
  `NombreVClassementInf` int(11) DEFAULT NULL,
  `NombreNClassementInf` int(11) DEFAULT NULL,
  `NombreDClassementInf` int(11) DEFAULT NULL,
  `NombreMatchsJouesClassementInfDomicile` int(11) DEFAULT NULL,
  `NombreVClassementInfDomicile` int(11) DEFAULT NULL,
  `NombreNClassementInfDomicile` int(11) DEFAULT NULL,
  `NombreDClassementInfDomicile` int(11) DEFAULT NULL,
  `NombreMatchsJouesClassementInfExterieur` int(11) DEFAULT NULL,
  `NombreVClassementInfExterieur` int(11) DEFAULT NULL,
  `NombreNClassementInfExterieur` int(11) DEFAULT NULL,
  `NombreDClassementInfExterieur` int(11) DEFAULT NULL,
  `NombreMatchsJouesImportants` int(11) DEFAULT NULL,
  `NombreVMatchsImportants` int(11) DEFAULT NULL,
  `NombreNMatchsImportants` int(11) DEFAULT NULL,
  `NombreDMatchsImportants` int(11) DEFAULT NULL,
  `NombreMatchsJouesImportantsDomicile` int(11) DEFAULT NULL,
  `NombreVImportantsDomicile` int(11) DEFAULT NULL,
  `NombreNImportantsDomicile` int(11) DEFAULT NULL,
  `NombreDImportantsDomicile` int(11) DEFAULT NULL,
  `NombreMatchsJouesImportantsExterieur` int(11) DEFAULT NULL,
  `NombreVImportantsExterieur` int(11) DEFAULT NULL,
  `NombreNImportantsExterieur` int(11) DEFAULT NULL,
  `NombreDImportantsExterieur` int(11) DEFAULT NULL,
  `NombreMatchsJouesBanal` int(11) DEFAULT NULL,
  `NombreVMatchBanal` int(11) DEFAULT NULL,
  `NombreNMatchBanal` int(11) DEFAULT NULL,
  `NombreDMatchBanal` int(11) DEFAULT NULL,
  `NombreMatchsJouesBanalDomicile` int(11) DEFAULT NULL,
  `NombreVMatchBanalDomicile` int(11) DEFAULT NULL,
  `NombreNMatchBanalDomicile` int(11) DEFAULT NULL,
  `NombreDMatchBanalDomicile` int(11) DEFAULT NULL,
  `NombreMatchsJouesBanalExterieur` int(11) DEFAULT NULL,
  `NombreVMatchBanalExterieur` int(11) DEFAULT NULL,
  `NombreNMatchBanalExterieur` int(11) DEFAULT NULL,
  `NombreDMatchBanalExterieur` int(11) DEFAULT NULL,
  `NombrePoints` int(11) DEFAULT NULL,
  `NombrePointsDomicile` int(11) DEFAULT NULL,
  `NombrePointsExterieur` int(11) DEFAULT NULL,
  `GoalAverage` int(11) DEFAULT NULL,
  `HomeGoalAverage` int(11) DEFAULT NULL,
  `AwayGoalAverage` int(11) DEFAULT NULL,
  PRIMARY KEY (`nom`) USING BTREE
) ENGINE=InnoDB DEFAULT CHARSET=latin1;



--
-- end  table dump : teams
--


--
-- Inserts of teams
--


/*!40000 ALTER TABLE `teams` DISABLE KEYS */;

--
-- start table insert : teams
--
INSERT INTO `teams`(`nom`, `surnom`, `classement`, `classementDomicile`, `classementExterieur`, `nombreMatchsJoues`, `nombreMatchsGagnes`, `nombreMatchsNuls`, `nombreMatchsPerdus`, `nombreMatchsJouesDomicile`, `nombreMatchsGagnesDomicile`, `nombreMatchsNulsDomicile`, `nombreMatchsPerdusDomicile`, `nombreMatchsJouesExterieur`, `nombreMatchsGagnesExterieur`, `nombreMatchsNulsExterieur`, `nombreMatchsPerdusExterieur`, `matchPrecedentUn`, `matchPrecedentDeux`, `matchPrecedentTrois`, `matchPrecedentQuatre`, `matchPrecedentCinq`, `SerieVEnCours`, `SerieNEnCours`, `SerieDEnCours`, `MatchPrecedentUnDomicile`, `MatchPrecedentDeuxDomicile`, `MatchPrecedentTroisDomicile`, `MatchPrecedentQuatreDomicile`, `MatchPrecedentCinqDomicile`, `SerieVEnCoursDomicile`, `SerieNEnCoursDomicile`, `SerieDEnCoursDomicile`, `MatchPrecedentUnExterieur`, `MatchPrecedentDeuxExterieur`, `MatchPrecedentTroisExterieur`, `MatchPrecedentQuatreExterieur`, `MatchPrecedentCinqExterieur`, `SerieVEnCoursExterieur`, `SerieNEnCoursExterieur`, `SerieDEnCoursExterieur`, `NombreMatchsJouesClassementSup`, `NombreVClassementSup`, `NombreNClassementSup`, `NombreDClassementSup`, `NombreMatchsJouesClassementSupDomicile`, `NombreVClassementSupDomicile`, `NombreNClassementSupDomicile`, `NombreDClassementSupDomicile`, `NombreMatchsJouesClassementSupExterieur`, `NombreVClassementSupExterieur`, `NombreNClassementSupExterieur`, `NombreDClassementSupExterieur`, `NombreMatchsJouesClassementInf`, `NombreVClassementInf`, `NombreNClassementInf`, `NombreDClassementInf`, `NombreMatchsJouesClassementInfDomicile`, `NombreVClassementInfDomicile`, `NombreNClassementInfDomicile`, `NombreDClassementInfDomicile`, `NombreMatchsJouesClassementInfExterieur`, `NombreVClassementInfExterieur`, `NombreNClassementInfExterieur`, `NombreDClassementInfExterieur`, `NombreMatchsJouesImportants`, `NombreVMatchsImportants`, `NombreNMatchsImportants`, `NombreDMatchsImportants`, `NombreMatchsJouesImportantsDomicile`, `NombreVImportantsDomicile`, `NombreNImportantsDomicile`, `NombreDImportantsDomicile`, `NombreMatchsJouesImportantsExterieur`, `NombreVImportantsExterieur`, `NombreNImportantsExterieur`, `NombreDImportantsExterieur`, `NombreMatchsJouesBanal`, `NombreVMatchBanal`, `NombreNMatchBanal`, `NombreDMatchBanal`, `NombreMatchsJouesBanalDomicile`, `NombreVMatchBanalDomicile`, `NombreNMatchBanalDomicile`, `NombreDMatchBanalDomicile`, `NombreMatchsJouesBanalExterieur`, `NombreVMatchBanalExterieur`, `NombreNMatchBanalExterieur`, `NombreDMatchBanalExterieur`, `NombrePoints`, `NombrePointsDomicile`, `NombrePointsExterieur`, `GoalAverage`, `HomeGoalAverage`, `AwayGoalAverage`) VALUES 
('AS Monaco', 'ASM', 7, 6, 8, 6, 3, 1, 2, 3, 2, 1, 0, 3, 1, 0, 2, 'D', 'V', 'D', 'V', 'V', 0, 0, 1, 'V', 'V', 'N', 'O', 'O', 2, 0, 0, 'D', 'D', 'V', 'O', 'O', 0, 0, 2, 1, 1, 0, 0, 1, 1, 0, 0, 0, 0, 0, 0, 5, 2, 1, 2, 2, 1, 1, 0, 3, 1, 0, 2, 0, 0, 0, 0, 0, 0, 0, 0, 0, 0, 0, 0, 6, 3, 1, 2, 3, 2, 1, 0, 3, 1, 0, 2, 10, 7, 3, 1, 2, -1),
('AS Saint-Etienne', 'ASSE', 6, 7, 6, 6, 3, 1, 2, 3, 2, 0, 1, 3, 1, 1, 1, 'D', 'D', 'N', 'V', 'V', 0, 0, 2, 'D', 'V', 'V', 'O', 'O', 0, 0, 1, 'D', 'N', 'V', 'O', 'O', 0, 0, 1, 4, 2, 0, 2, 2, 1, 0, 1, 2, 1, 0, 1, 2, 1, 1, 0, 1, 1, 0, 0, 1, 0, 1, 0, 1, 1, 0, 0, 0, 0, 0, 0, 1, 1, 0, 0, 5, 2, 1, 2, 3, 2, 0, 1, 2, 0, 1, 1, 10, 6, 4, 1, 1, 0),
('Dijon FCO', 'DFCO', 20, 20, 20, 6, 0, 1, 5, 3, 0, 1, 2, 3, 0, 0, 3, 'D', 'N', 'D', 'D', 'D', 0, 0, 1, 'N', 'D', 'D', 'O', 'O', 0, 1, 0, 'D', 'D', 'D', 'O', 'O', 0, 0, 3, 3, 0, 1, 2, 2, 0, 1, 1, 1, 0, 0, 1, 3, 0, 0, 3, 1, 0, 0, 1, 2, 0, 0, 2, 1, 0, 0, 1, 0, 0, 0, 0, 1, 0, 0, 1, 5, 0, 1, 4, 3, 0, 1, 2, 2, 0, 0, 2, 1, 1, 0, -10, -3, -7),
('FC Girondins de Bordeaux', 'FCGB', 9, 9, 10, 6, 2, 3, 1, 4, 1, 3, 0, 2, 1, 0, 1, 'V', 'N', 'D', 'N', 'V', 1, 0, 0, 'V', 'N', 'N', 'N', 'O', 1, 0, 0, 'D', 'V', 'O', 'O', 'O', 0, 0, 1, 3, 1, 1, 1, 1, 0, 1, 0, 2, 1, 0, 1, 3, 1, 2, 0, 3, 1, 2, 0, 0, 0, 0, 0, 2, 0, 2, 0, 2, 0, 2, 0, 0, 0, 0, 0, 4, 2, 1, 1, 2, 1, 1, 0, 2, 1, 0, 1, 9, 6, 3, 4, 3, 1),
('FC Lorient', 'FCL', 17, 17, 17, 6, 1, 1, 4, 3, 1, 1, 1, 3, 0, 0, 3, 'D', 'N', 'D', 'D', 'D', 0, 0, 1, 'N', 'D', 'V', 'O', 'O', 0, 1, 0, 'D', 'D', 'D', 'O', 'O', 0, 0, 3, 2, 1, 1, 0, 2, 1, 1, 0, 0, 0, 0, 0, 4, 0, 0, 4, 1, 0, 0, 1, 3, 0, 0, 3, 3, 0, 1, 2, 1, 0, 1, 0, 2, 0, 0, 2, 3, 1, 0, 2, 2, 1, 0, 1, 1, 0, 0, 1, 4, 4, 0, -4, 1, -5),
('FC Metz', 'FCM', 15, 15, 15, 6, 2, 1, 3, 3, 2, 0, 1, 3, 0, 1, 2, 'V', 'N', 'V', 'D', 'D', 1, 0, 0, 'V', 'V', 'D', 'O', 'O', 2, 0, 0, 'N', 'D', 'D', 'O', 'O', 0, 1, 0, 6, 2, 1, 3, 3, 2, 0, 1, 3, 0, 1, 2, 0, 0, 0, 0, 0, 0, 0, 0, 0, 0, 0, 0, 4, 0, 1, 3, 1, 0, 0, 1, 3, 0, 1, 2, 2, 2, 0, 0, 2, 2, 0, 0, 0, 0, 0, 0, 7, 6, 1, 0, 2, -2),
('FC Nantes', 'FCN', 16, 16, 16, 6, 1, 2, 3, 2, 1, 1, 0, 4, 0, 1, 3, 'D', 'D', 'N', 'D', 'V', 0, 0, 2, 'N', 'V', 'O', 'O', 'O', 0, 1, 0, 'D', 'D', 'D', 'N', 'O', 0, 0, 3, 5, 1, 2, 2, 2, 1, 1, 0, 3, 0, 1, 2, 1, 0, 0, 1, 0, 0, 0, 0, 1, 0, 0, 1, 3, 0, 1, 2, 1, 0, 1, 0, 2, 0, 0, 2, 3, 1, 1, 1, 1, 1, 0, 0, 2, 0, 1, 1, 5, 4, 1, -3, 1, -4),
('Lille OSC', 'LOSC', 1, 1, 2, 6, 4, 2, 0, 3, 2, 1, 0, 3, 2, 1, 0, 'V', 'V', 'N', 'V', 'V', 2, 0, 0, 'V', 'V', 'N', 'O', 'O', 2, 0, 0, 'V', 'N', 'V', 'O', 'O', 1, 0, 0, 2, 1, 1, 0, 1, 0, 1, 0, 1, 1, 0, 0, 4, 3, 1, 0, 2, 2, 0, 0, 2, 1, 1, 0, 1, 0, 1, 0, 0, 0, 0, 0, 1, 0, 1, 0, 5, 4, 1, 0, 3, 2, 1, 0, 2, 2, 0, 0, 14, 7, 7, 7, 3, 4),
('Montpellier Hrault Sport Club', 'MHSC', 5, 5, 7, 6, 3, 1, 2, 4, 3, 0, 1, 2, 0, 1, 1, 'D', 'N', 'V', 'V', 'V', 0, 0, 1, 'D', 'V', 'V', 'V', 'O', 0, 0, 1, 'N', 'D', 'O', 'O', 'O', 0, 1, 0, 3, 2, 0, 1, 2, 2, 0, 0, 1, 0, 0, 1, 3, 1, 1, 1, 2, 1, 0, 1, 1, 0, 1, 0, 2, 1, 0, 1, 2, 1, 0, 1, 0, 0, 0, 0, 4, 2, 1, 1, 2, 2, 0, 0, 2, 0, 1, 1, 10, 9, 1, 4, 5, -1),
('Nmes Olympique', 'NO', 13, 13, 13, 6, 2, 2, 2, 3, 1, 1, 1, 3, 1, 1, 1, 'V', 'N', 'N', 'D', 'D', 1, 0, 0, 'N', 'D', 'V', 'O', 'O', 0, 1, 0, 'V', 'N', 'D', 'O', 'O', 1, 0, 0, 5, 2, 2, 1, 3, 1, 1, 1, 2, 1, 1, 0, 1, 0, 0, 1, 0, 0, 0, 0, 1, 0, 0, 1, 2, 1, 1, 0, 0, 0, 0, 0, 2, 1, 1, 0, 4, 1, 1, 2, 3, 1, 1, 1, 1, 0, 0, 1, 8, 4, 4, 2, 2, 0),
('OGC Nice', 'OGCN', 8, 8, 5, 6, 3, 1, 2, 3, 2, 0, 1, 3, 1, 1, 1, 'V', 'N', 'D', 'D', 'V', 1, 0, 0, 'V', 'D', 'V', 'O', 'O', 1, 0, 0, 'N', 'D', 'V', 'O', 'O', 0, 1, 0, 0, 0, 0, 0, 0, 0, 0, 0, 0, 0, 0, 0, 6, 3, 1, 2, 3, 2, 0, 1, 3, 1, 1, 1, 2, 0, 1, 1, 1, 0, 0, 1, 1, 0, 1, 0, 4, 3, 0, 1, 2, 2, 0, 0, 2, 1, 0, 1, 10, 6, 4, -1, -1, 0),
('Olympique de Marseille', 'OM', 10, 12, 9, 6, 2, 3, 1, 3, 0, 2, 1, 3, 2, 1, 0, 'N', 'N', 'N', 'D', 'V', 0, 3, 0, 'N', 'N', 'D', 'O', 'O', 0, 2, 0, 'N', 'V', 'V', 'O', 'O', 0, 1, 0, 1, 0, 1, 0, 1, 0, 1, 0, 0, 0, 0, 0, 5, 2, 2, 1, 2, 0, 1, 1, 3, 2, 1, 0, 4, 1, 2, 1, 2, 0, 1, 1, 2, 1, 1, 0, 2, 1, 1, 0, 1, 0, 1, 0, 1, 1, 0, 0, 9, 2, 7, 0, -2, 2),
('Olympique Lyonnais', 'OL', 14, 14, 14, 6, 1, 4, 1, 3, 1, 2, 0, 3, 0, 2, 1, 'N', 'N', 'N', 'D', 'N', 0, 3, 0, 'N', 'N', 'V', 'O', 'O', 0, 2, 0, 'N', 'D', 'N', 'O', 'O', 0, 1, 0, 3, 1, 2, 0, 2, 1, 1, 0, 1, 0, 1, 0, 3, 0, 2, 1, 1, 0, 1, 0, 2, 0, 1, 1, 2, 0, 2, 0, 1, 0, 1, 0, 1, 0, 1, 0, 4, 1, 2, 1, 2, 1, 1, 0, 2, 0, 1, 1, 7, 5, 2, 2, 3, -1),
('Paris-Saint-Germain', 'PSG', 4, 4, 4, 6, 4, 0, 2, 3, 2, 0, 1, 3, 2, 0, 1, 'V', 'V', 'V', 'V', 'D', 4, 0, 0, 'V', 'V', 'D', 'O', 'O', 2, 0, 0, 'V', 'V', 'D', 'O', 'O', 2, 0, 0, 2, 1, 0, 1, 1, 0, 0, 1, 1, 1, 0, 0, 4, 3, 0, 1, 2, 2, 0, 0, 2, 1, 0, 1, 1, 0, 0, 1, 1, 0, 0, 1, 0, 0, 0, 0, 5, 4, 0, 1, 2, 2, 0, 0, 3, 2, 0, 1, 12, 6, 6, 9, 5, 4),
('Racing Club de Lens', 'RCL', 3, 3, 3, 6, 4, 1, 1, 3, 3, 0, 0, 3, 1, 1, 1, 'V', 'N', 'V', 'V', 'V', 1, 0, 0, 'V', 'V', 'V', 'O', 'O', 3, 0, 0, 'N', 'V', 'D', 'O', 'O', 0, 1, 0, 3, 2, 0, 1, 1, 1, 0, 0, 2, 1, 0, 1, 3, 2, 1, 0, 2, 2, 0, 0, 1, 0, 1, 0, 2, 2, 0, 0, 2, 2, 0, 0, 0, 0, 0, 0, 4, 2, 1, 1, 1, 1, 0, 0, 3, 1, 1, 1, 13, 9, 4, 4, 4, 0),
('Racing Club de Strasbourg', 'RCS', 18, 18, 18, 6, 1, 0, 5, 3, 1, 0, 2, 3, 0, 0, 3, 'D', 'D', 'V', 'D', 'D', 0, 0, 2, 'D', 'V', 'D', 'O', 'O', 0, 0, 1, 'D', 'D', 'D', 'O', 'O', 0, 0, 3, 5, 1, 0, 4, 3, 1, 0, 2, 2, 0, 0, 2, 1, 0, 0, 1, 0, 0, 0, 0, 1, 0, 0, 1, 3, 0, 0, 3, 1, 0, 0, 1, 2, 0, 0, 2, 3, 1, 0, 2, 2, 1, 0, 1, 1, 0, 0, 1, 3, 3, 0, -9, -4, -5),
('SCO Angers', 'SCO', 12, 11, 12, 6, 3, 0, 3, 3, 2, 0, 1, 3, 1, 0, 2, 'D', 'V', 'D', 'V', 'D', 0, 0, 1, 'V', 'V', 'D', 'O', 'O', 2, 0, 0, 'D', 'D', 'V', 'O', 'O', 0, 0, 2, 2, 0, 0, 2, 0, 0, 0, 0, 2, 0, 0, 2, 4, 3, 0, 1, 3, 2, 0, 1, 1, 1, 0, 0, 1, 0, 0, 1, 0, 0, 0, 0, 1, 0, 0, 1, 5, 3, 0, 2, 3, 2, 0, 1, 2, 1, 0, 1, 9, 6, 3, -7, 0, -7),
('Stade Brestois 29', 'SB29', 11, 10, 11, 6, 3, 0, 3, 3, 2, 0, 1, 3, 1, 0, 2, 'V', 'D', 'V', 'V', 'D', 1, 0, 0, 'V', 'V', 'D', 'O', 'O', 2, 0, 0, 'D', 'V', 'D', 'O', 'O', 0, 0, 1, 5, 3, 0, 2, 3, 2, 0, 1, 2, 1, 0, 1, 1, 0, 0, 1, 0, 0, 0, 0, 1, 0, 0, 1, 3, 2, 0, 1, 3, 2, 0, 1, 0, 0, 0, 0, 3, 1, 0, 2, 0, 0, 0, 0, 3, 1, 0, 2, 9, 6, 3, -2, 1, -3),
('Stade de Reims', 'SDR', 19, 19, 19, 6, 0, 2, 4, 2, 0, 0, 2, 4, 0, 2, 2, 'N', 'D', 'D', 'D', 'D', 0, 1, 0, 'D', 'D', 'O', 'O', 'O', 0, 0, 2, 'N', 'D', 'D', 'N', 'O', 0, 1, 0, 4, 0, 2, 2, 1, 0, 0, 1, 3, 0, 2, 1, 2, 0, 0, 2, 1, 0, 0, 1, 1, 0, 0, 1, 3, 0, 1, 2, 2, 0, 0, 2, 1, 0, 1, 0, 3, 0, 1, 2, 0, 0, 0, 0, 3, 0, 1, 2, 2, 0, 2, -5, -3, -2),
('Stade Rennais', 'SRFC', 2, 2, 1, 6, 4, 2, 0, 3, 2, 1, 0, 3, 2, 1, 0, 'N', 'V', 'V', 'V', 'V', 0, 1, 0, 'N', 'V', 'V', 'O', 'O', 0, 1, 0, 'V', 'V', 'N', 'O', 'O', 2, 0, 0, 1, 1, 0, 0, 1, 1, 0, 0, 0, 0, 0, 0, 5, 3, 2, 0, 2, 1, 1, 0, 3, 2, 1, 0, 3, 2, 1, 0, 1, 1, 0, 0, 2, 1, 1, 0, 3, 2, 1, 0, 2, 1, 1, 0, 1, 1, 0, 0, 14, 7, 7, 7, 2, 5);
--
-- end table insert : teams
--

/*!40000 ALTER TABLE `teams` ENABLE KEYS */;

/*!40101 SET SQL_MODE=IFNULL(@OLD_SQL_MODE, '') */;
/*!40014 SET FOREIGN_KEY_CHECKS=IF(@OLD_FOREIGN_KEY_CHECKS IS NULL, 1, @OLD_FOREIGN_KEY_CHECKS) */;
/*!40101 SET CHARACTER_SET_CLIENT=@OLD_CHARACTER_SET_CLIENT */;